INSERT INTO TIPOSTREINAMENTO(nome, descricao, topico) VALUES('Ética e compliance', 'Treinamentos destinados à ética e compliance dentro da empresa', 'Compliance');
INSERT INTO TIPOSTREINAMENTO(nome, descricao, topico) VALUES('Segurança', 'Treinamentos destinados à manutenção da segurança na operação da fábrica', 'Segurança');
INSERT INTO TIPOSTREINAMENTO(nome, descricao, topico) VALUES('Gestão', 'Treinamentos destinados à melhora da gestão da empresa', 'Desenvolvimento de carreiras');
INSERT INTO TIPOSTREINAMENTO(nome, descricao, topico) VALUES('Operação de maquinário', 'Treinamentos destinados à ensinar os colaboradores a operar maquinário', 'Segurança e produção');


INSERT INTO USUARIOS(cpf, rg, nome, sobrenome, genero, email, data_nasc, senha, data_ultima_senha, nivel_acesso, cargo, setor, data_admissao) VALUES(52683454864, 556162341, 'Pedro', 'Bonelli', 'Masculino', 'pedrobonelli33@gmail.com', '03/02/2004', 'senha123', '21/02/2022', 'ADMIN', 'Cargo 1', 'Setor 1', '03/02/2021');
INSERT INTO USUARIOS(cpf, rg, nome, sobrenome, genero, email, data_nasc, senha, data_ultima_senha, nivel_acesso, cargo, setor, data_admissao) VALUES(75076358059, 418415808, 'Caroline Julia', 'Dias', 'Feminino', 'carolinej@gmail.com', '23/02/1989', 'senhaboadessavez', '21/02/2022', 'USUÁRIO', 'Cargo 2', 'Setor 2', '03/02/2022');
INSERT INTO USUARIOS(cpf, rg, nome, sobrenome, genero, email, data_nasc, senha, data_ultima_senha, nivel_acesso, cargo, setor, data_admissao) VALUES(10772849005, 351071179, 'Gabriel', 'Porto', 'Masculino', 'gabrielp@gmail.com', '13/02/1993', 'senhaboadessavez2', '21/02/2023', 'ADMIN', 'Cargo 2', 'Setor 2', '03/02/2020');
INSERT INTO USUARIOS(cpf, rg, nome, sobrenome, genero, email, data_nasc, senha, data_ultima_senha, nivel_acesso, cargo, setor, data_admissao) VALUES(79508045485, 290647551, 'Rafael Nicolas', 'Castro', 'Masculino', 'rafanc@outlook.com', '17/04/1975', 'senha1252', '21/02/2023', 'USUÁRIO', 'Cargo 3', 'Setor 5', '03/02/2018');
INSERT INTO USUARIOS(cpf, rg, nome, sobrenome, genero, email, data_nasc, senha, data_ultima_senha, nivel_acesso, cargo, setor, data_admissao) VALUES(66846006125, 295367337, 'Henrique Renato', 'Nunes', 'Masculino', 'henrn@outlook.com', '11/04/1984', 'senha13252', '21/02/2023', 'USUÁRIO', 'Cargo 4', 'Setor 2', '03/02/2019');
INSERT INTO USUARIOS(cpf, rg, nome, sobrenome, genero, email, data_nasc, senha, data_ultima_senha, nivel_acesso, cargo, setor, data_admissao) VALUES(24592941586, 503193136, 'Diego Fernandes', 'Müller', 'Masculino', 'mrgoblinc@gmail.com', '20/04/2004', 'senha3252', '21/02/2022', 'ADMIN', 'Cargo 2', 'Setor 2', '03/02/2017');
INSERT INTO USUARIOS(cpf, rg, nome, sobrenome, genero, email, data_nasc, senha, data_ultima_senha, nivel_acesso, cargo, setor, data_admissao) VALUES(44309421296, 332748017, 'Luís Gregório', 'Messias', 'Masculino', 'lucasgrego@yahoo.com', '09/04/1984', 'senha1352', '21/02/2023', 'USUÁRIO', 'Cargo 1', 'Setor 6', '09/02/2022');
INSERT INTO USUARIOS(cpf, rg, nome, sobrenome, genero, email, data_nasc, senha, data_ultima_senha, nivel_acesso, cargo, setor, data_admissao) VALUES(16394123447, 272586560, 'Rogério Roger', 'Kaufmann', 'Masculino', 'rrkbox@gmail.com', '06/09/2001', 'euamobox', '21/02/2023', 'ADMIN', 'Cargo 4', 'Setor 6', '09/02/2023');
INSERT INTO USUARIOS(cpf, rg, nome, sobrenome, genero, email, data_nasc, senha, data_ultima_senha, nivel_acesso, cargo, setor, data_admissao) VALUES(02782374443, 229810299, 'Maria Eduarda', 'Médici Simio', 'Feminino', 'balassimio@gmail.com', '06/06/2006', 'fabvidro123', '21/02/2022', 'USUÁRIO', 'Cargo 6', 'Setor 6', '17/02/2017');
INSERT INTO USUARIOS(cpf, rg, nome, sobrenome, genero, email, data_nasc, senha, data_ultima_senha, nivel_acesso, cargo, setor, data_admissao) VALUES(85965991932, 394972454, 'Vitória', 'Maya dos Santos', 'Feminino', 'vim@gmail.com', '06/06/2002', 'senha1925', '21/02/2021', 'USUÁRIO', 'Cargo 1', 'Setor 4', '17/02/2019');
INSERT INTO USUARIOS(cpf, rg, nome, sobrenome, genero, email, data_nasc, senha, data_ultima_senha, nivel_acesso, cargo, setor, data_admissao) VALUES(99925863465, 241867307, 'Jaqueline', 'Pietra da Silva', 'Feminino', 'japis@gmail.com', '03/01/1999', 'senha1986', '21/02/2020', 'ADMIN', 'Gerente', 'Setor 4', '17/02/2012');
INSERT INTO USUARIOS(cpf, rg, nome, sobrenome, genero, email, data_nasc, senha, data_ultima_senha, nivel_acesso, cargo, setor, data_admissao) VALUES(18412012194, 106085190, 'Gerundina', 'Silva dos Santos', 'Feminino', 'gerundina@bol.com', '03/01/1963', 'gatinho12512', '21/02/2008', 'USUÁRIO', 'Operador de máquina', 'Setor 3', '17/02/2001');
INSERT INTO USUARIOS(cpf, rg, nome, sobrenome, genero, email, data_nasc, senha, data_ultima_senha, nivel_acesso, cargo, setor, data_admissao) VALUES(30858512750, 193443417, 'Julia', 'Milena Baptista', 'Feminino', 'jumiba@gmail.com', '03/01/1993', 'jumiba10259', '21/02/2014', 'USUÁRIO', 'Cargo8', 'Setor 2', '17/02/2013');


INSERT INTO FEEDBACKS(indice_satisfacao, data_feedback, cpf) VALUES(4.5, '20/04/2024', 52683454864);
INSERT INTO FEEDBACKS(indice_satisfacao, data_feedback, cpf) VALUES(4.1, '21/04/2024', 52683454864);
INSERT INTO FEEDBACKS(indice_satisfacao, data_feedback, cpf) VALUES(4.2, '22/04/2024', 10772849005);
INSERT INTO FEEDBACKS(indice_satisfacao, data_feedback, cpf) VALUES(3.34, '20/04/2024', 52683454864);
INSERT INTO FEEDBACKS(indice_satisfacao, data_feedback, cpf) VALUES(5.0, '20/04/2024', 52683454864);
INSERT INTO FEEDBACKS(indice_satisfacao, data_feedback, cpf) VALUES(3.0, '20/04/2024', 52683454864);
INSERT INTO FEEDBACKS(indice_satisfacao, data_feedback, cpf) VALUES(4.0, '20/04/2024', 52683454864);
INSERT INTO FEEDBACKS(indice_satisfacao, data_feedback, cpf) VALUES(2.0, '20/12/2024', 52683454864);
INSERT INTO FEEDBACKS(indice_satisfacao, data_feedback, cpf) VALUES(2.666, '17/11/2023', 18412012194);
INSERT INTO FEEDBACKS(indice_satisfacao, data_feedback, cpf) VALUES(2.555, '17/10/2023', 52683454864);

INSERT INTO TREINAMENTOSAGENDADOS(nome, data, localizacao, id_tipo_treinamento) VALUES('Treinamento de manutenção de máquinário novo', '20/09/2024', 'Sala de Treinamento II', 1);
INSERT INTO TREINAMENTOSAGENDADOS(nome, data, localizacao, id_tipo_treinamento) VALUES('Treinamento de liderança', '10/09/2024', 'Sala de Treinamento V', 3);
INSERT INTO TREINAMENTOSAGENDADOS(nome, data, localizacao, id_tipo_treinamento) VALUES('Treinamento de operação de maquinário especial', '20/09/2024', 'Sala de Treinamento III', 4);
INSERT INTO TREINAMENTOSAGENDADOS(nome, data, localizacao, id_tipo_treinamento) VALUES('Treinamento de segurança na linha de produção', '22/10/2024', 'Sala de Treinamento II, Matriz', 2);
INSERT INTO TREINAMENTOSAGENDADOS(nome, data, localizacao, id_tipo_treinamento) VALUES('Treinamento de ética e compliance', '11/11/2024', 'Sala de Treinamento I, Escritório principal', 1);
INSERT INTO TREINAMENTOSAGENDADOS(nome, data, localizacao, id_tipo_treinamento) VALUES('Treinamento recorrente de segurança', '08/10/2024', 'Fábrica principal, setor II', 2);
INSERT INTO TREINAMENTOSAGENDADOS(nome, data, localizacao, id_tipo_treinamento) VALUES('Treinamento de ética e compliance', '09/08/2024', 'Sala de Treinamento I, Escritório principal', 1);

--TREINAMENTO 1
INSERT INTO MEMBROSTREINAMENTO(cpf, id_treinamento_agendado) VALUES(52683454864, 1);
INSERT INTO MEMBROSTREINAMENTO(cpf, id_treinamento_agendado) VALUES(75076358059, 1);
INSERT INTO MEMBROSTREINAMENTO(cpf, id_treinamento_agendado) VALUES(16394123447, 1);
INSERT INTO MEMBROSTREINAMENTO(cpf, id_treinamento_agendado) VALUES(85965991932, 1);
INSERT INTO MEMBROSTREINAMENTO(cpf, id_treinamento_agendado) VALUES(30858512750, 1);
INSERT INTO MEMBROSTREINAMENTO(cpf, id_treinamento_agendado) VALUES(18412012194, 1);
INSERT INTO MEMBROSTREINAMENTO(cpf, id_treinamento_agendado) VALUES(79508045485, 1);
INSERT INTO MEMBROSTREINAMENTO(cpf, id_treinamento_agendado) VALUES(10772849005, 1);
INSERT INTO MEMBROSTREINAMENTO(cpf, id_treinamento_agendado) VALUES(16394123447, 1);
INSERT INTO MEMBROSTREINAMENTO(cpf, id_treinamento_agendado) VALUES(24592941586, 1);

INSERT INTO CONFIRMACOESPRESENCA(data_confirmacao, id_treinamento_agendado, cpf) VALUES('20/09/2024', 1, 52683454864);
INSERT INTO CONFIRMACOESPRESENCA(data_confirmacao, id_treinamento_agendado, cpf) VALUES('20/09/2024', 1, 75076358059);
INSERT INTO CONFIRMACOESPRESENCA(data_confirmacao, id_treinamento_agendado, cpf) VALUES('20/09/2024', 1, 16394123447);
INSERT INTO CONFIRMACOESPRESENCA(data_confirmacao, id_treinamento_agendado, cpf) VALUES('20/09/2024', 1, 30858512750);
INSERT INTO CONFIRMACOESPRESENCA(data_confirmacao, id_treinamento_agendado, cpf) VALUES('20/09/2024', 1, 79508045485);
INSERT INTO CONFIRMACOESPRESENCA(data_confirmacao, id_treinamento_agendado, cpf) VALUES('20/09/2024', 1, 10772849005);
--FIM DO TREINAMENTO 1

--TREINAMENTO 2
INSERT INTO MEMBROSTREINAMENTO(cpf, id_treinamento_agendado) VALUES(52683454864, 2);
INSERT INTO MEMBROSTREINAMENTO(cpf, id_treinamento_agendado) VALUES(75076358059, 2);
INSERT INTO MEMBROSTREINAMENTO(cpf, id_treinamento_agendado) VALUES(10772849005, 2);
INSERT INTO MEMBROSTREINAMENTO(cpf, id_treinamento_agendado) VALUES(79508045485, 2);
INSERT INTO MEMBROSTREINAMENTO(cpf, id_treinamento_agendado) VALUES(66846006125, 2);
INSERT INTO MEMBROSTREINAMENTO(cpf, id_treinamento_agendado) VALUES(24592941586, 2);
INSERT INTO MEMBROSTREINAMENTO(cpf, id_treinamento_agendado) VALUES(44309421296, 2);
INSERT INTO MEMBROSTREINAMENTO(cpf, id_treinamento_agendado) VALUES(16394123447, 2);
INSERT INTO MEMBROSTREINAMENTO(cpf, id_treinamento_agendado) VALUES(02782374443, 2);
INSERT INTO MEMBROSTREINAMENTO(cpf, id_treinamento_agendado) VALUES(85965991932, 2);
INSERT INTO MEMBROSTREINAMENTO(cpf, id_treinamento_agendado) VALUES(99925863465, 2);
INSERT INTO MEMBROSTREINAMENTO(cpf, id_treinamento_agendado) VALUES(18412012194, 2);
INSERT INTO MEMBROSTREINAMENTO(cpf, id_treinamento_agendado) VALUES(30858512750, 2);

INSERT INTO CONFIRMACOESPRESENCA(data_confirmacao, id_treinamento_agendado, cpf) VALUES('10/09/2024', 2, 52683454864);
INSERT INTO CONFIRMACOESPRESENCA(data_confirmacao, id_treinamento_agendado, cpf) VALUES('10/09/2024', 2, 75076358059);
INSERT INTO CONFIRMACOESPRESENCA(data_confirmacao, id_treinamento_agendado, cpf) VALUES('10/09/2024', 2, 10772849005);
INSERT INTO CONFIRMACOESPRESENCA(data_confirmacao, id_treinamento_agendado, cpf) VALUES('10/09/2024', 2, 79508045485);
INSERT INTO CONFIRMACOESPRESENCA(data_confirmacao, id_treinamento_agendado, cpf) VALUES('10/09/2024', 2, 66846006125);
INSERT INTO CONFIRMACOESPRESENCA(data_confirmacao, id_treinamento_agendado, cpf) VALUES('10/09/2024', 2, 24592941586);
INSERT INTO CONFIRMACOESPRESENCA(data_confirmacao, id_treinamento_agendado, cpf) VALUES('10/09/2024', 2, 44309421296);
INSERT INTO CONFIRMACOESPRESENCA(data_confirmacao, id_treinamento_agendado, cpf) VALUES('10/09/2024', 2, 16394123447);
INSERT INTO CONFIRMACOESPRESENCA(data_confirmacao, id_treinamento_agendado, cpf) VALUES('10/09/2024', 2, 02782374443);
INSERT INTO CONFIRMACOESPRESENCA(data_confirmacao, id_treinamento_agendado, cpf) VALUES('10/09/2024', 2, 85965991932);
INSERT INTO CONFIRMACOESPRESENCA(data_confirmacao, id_treinamento_agendado, cpf) VALUES('10/09/2024', 2, 99925863465);
INSERT INTO CONFIRMACOESPRESENCA(data_confirmacao, id_treinamento_agendado, cpf) VALUES('10/09/2024', 2, 18412012194);
INSERT INTO CONFIRMACOESPRESENCA(data_confirmacao, id_treinamento_agendado, cpf) VALUES('10/09/2024', 2, 30858512750);
--FIM DO TREINAMENTO 2

--TREINAMENTO 3
INSERT INTO MEMBROSTREINAMENTO(cpf, id_treinamento_agendado) VALUES(52683454864, 3);
INSERT INTO MEMBROSTREINAMENTO(cpf, id_treinamento_agendado) VALUES(75076358059, 3);
INSERT INTO MEMBROSTREINAMENTO(cpf, id_treinamento_agendado) VALUES(10772849005, 3);
INSERT INTO MEMBROSTREINAMENTO(cpf, id_treinamento_agendado) VALUES(99925863465, 3);
INSERT INTO MEMBROSTREINAMENTO(cpf, id_treinamento_agendado) VALUES(18412012194, 3);
INSERT INTO MEMBROSTREINAMENTO(cpf, id_treinamento_agendado) VALUES(30858512750, 3);

INSERT INTO CONFIRMACOESPRESENCA(data_confirmacao, id_treinamento_agendado, cpf) VALUES('10/09/2024', 3, 52683454864);
INSERT INTO CONFIRMACOESPRESENCA(data_confirmacao, id_treinamento_agendado, cpf) VALUES('10/09/2024', 3, 75076358059);
INSERT INTO CONFIRMACOESPRESENCA(data_confirmacao, id_treinamento_agendado, cpf) VALUES('10/09/2024', 3, 10772849005);
INSERT INTO CONFIRMACOESPRESENCA(data_confirmacao, id_treinamento_agendado, cpf) VALUES('10/09/2024', 3, 99925863465);
INSERT INTO CONFIRMACOESPRESENCA(data_confirmacao, id_treinamento_agendado, cpf) VALUES('10/09/2024', 3, 18412012194);
INSERT INTO CONFIRMACOESPRESENCA(data_confirmacao, id_treinamento_agendado, cpf) VALUES('10/09/2024', 3, 30858512750);
--FIM DO TREINAMENTO 3





